,SourceFilePath,NoOfTimeChanged,BuggyCommits,BuggyCommitsPercentage,RepoName,RepoUrl
0,.document,15,2,0.13333333333333333,rspec-rails,git://github.com/rspec/rspec-rails.git
1,.gitignore,146,3,0.02054794520547945,rspec-rails,git://github.com/rspec/rspec-rails.git
2,.rspec,9,1,0.1111111111111111,rspec-rails,git://github.com/rspec/rspec-rails.git
3,.rubocop.yml,88,35,0.3977272727272727,rspec-rails,git://github.com/rspec/rspec-rails.git
4,.rubocop_rspec_base.yml,396,239,0.6035353535353535,rspec-rails,git://github.com/rspec/rspec-rails.git
5,.rubocop_todo.yml,90,9,0.1,rspec-rails,git://github.com/rspec/rspec-rails.git
6,.travis.yml,269,5,0.01858736059479554,rspec-rails,git://github.com/rspec/rspec-rails.git
7,.yardopts,77,52,0.6753246753246753,rspec-rails,git://github.com/rspec/rspec-rails.git
8,BUILD_DETAIL.md,12,8,0.6666666666666666,rspec-rails,git://github.com/rspec/rspec-rails.git
9,CAPYBARA.md,2,0,0.0,rspec-rails,git://github.com/rspec/rspec-rails.git
10,CODE_OF_CONDUCT.md,8,1,0.125,rspec-rails,git://github.com/rspec/rspec-rails.git
11,CONTRIBUTING.md,19,6,0.3157894736842105,rspec-rails,git://github.com/rspec/rspec-rails.git
12,Capybara.md,15,14,0.9333333333333333,rspec-rails,git://github.com/rspec/rspec-rails.git
13,Changelog.md,490,315,0.6428571428571429,rspec-rails,git://github.com/rspec/rspec-rails.git
14,DEV-README.md,1,1,1.0,rspec-rails,git://github.com/rspec/rspec-rails.git
15,DEVELOPMENT.md,16,10,0.625,rspec-rails,git://github.com/rspec/rspec-rails.git
16,Gemfile,314,244,0.7770700636942676,rspec-rails,git://github.com/rspec/rspec-rails.git
17,Gemfile-3-0-stable,30,27,0.9,rspec-rails,git://github.com/rspec/rspec-rails.git
18,Gemfile-3.0.0,13,4,0.3076923076923077,rspec-rails,git://github.com/rspec/rspec-rails.git
19,Gemfile-3.0.3,13,4,0.3076923076923077,rspec-rails,git://github.com/rspec/rspec-rails.git
20,Gemfile-base,95,66,0.6947368421052632,rspec-rails,git://github.com/rspec/rspec-rails.git
21,Gemfile-custom.sample,5,4,0.8,rspec-rails,git://github.com/rspec/rspec-rails.git
22,Gemfile-master,30,3,0.1,rspec-rails,git://github.com/rspec/rspec-rails.git
23,Gemfile-rails-3-0-stable,48,16,0.3333333333333333,rspec-rails,git://github.com/rspec/rspec-rails.git
24,Gemfile-rails-3.0.0,48,13,0.2708333333333333,rspec-rails,git://github.com/rspec/rspec-rails.git
25,Gemfile-rails-3.0.1,48,39,0.8125,rspec-rails,git://github.com/rspec/rspec-rails.git
26,Gemfile-rails-3.0.2,48,5,0.10416666666666667,rspec-rails,git://github.com/rspec/rspec-rails.git
27,Gemfile-rails-3.0.3,48,22,0.4583333333333333,rspec-rails,git://github.com/rspec/rspec-rails.git
28,Gemfile-rails-3.0.4,48,6,0.125,rspec-rails,git://github.com/rspec/rspec-rails.git
29,Gemfile-rails-3.0.5,48,42,0.875,rspec-rails,git://github.com/rspec/rspec-rails.git
30,Gemfile-rails-3.0.6,48,40,0.8333333333333334,rspec-rails,git://github.com/rspec/rspec-rails.git
31,Gemfile-rails-3.0.7,48,47,0.9791666666666666,rspec-rails,git://github.com/rspec/rspec-rails.git
32,Gemfile-rails-dependencies,72,17,0.2361111111111111,rspec-rails,git://github.com/rspec/rspec-rails.git
33,Gemfile-rails-master,48,8,0.16666666666666666,rspec-rails,git://github.com/rspec/rspec-rails.git
34,Gemfile-rspec-dependencies,10,4,0.4,rspec-rails,git://github.com/rspec/rspec-rails.git
35,Gemfile.lock,7,6,0.8571428571428571,rspec-rails,git://github.com/rspec/rspec-rails.git
36,Gotchas.markdown,4,3,0.75,rspec-rails,git://github.com/rspec/rspec-rails.git
37,History.md,60,2,0.03333333333333333,rspec-rails,git://github.com/rspec/rspec-rails.git
38,History.rdoc,1,1,1.0,rspec-rails,git://github.com/rspec/rspec-rails.git
39,ISSUE_TEMPLATE.md,3,1,0.3333333333333333,rspec-rails,git://github.com/rspec/rspec-rails.git
40,LICENSE.md,6,3,0.5,rspec-rails,git://github.com/rspec/rspec-rails.git
41,License.md,13,0,0.0,rspec-rails,git://github.com/rspec/rspec-rails.git
42,License.txt,3,1,0.3333333333333333,rspec-rails,git://github.com/rspec/rspec-rails.git
43,README,6,4,0.6666666666666666,rspec-rails,git://github.com/rspec/rspec-rails.git
44,README.markdown,53,36,0.6792452830188679,rspec-rails,git://github.com/rspec/rspec-rails.git
45,README.md,110,84,0.7636363636363637,rspec-rails,git://github.com/rspec/rspec-rails.git
46,README_DEV.md,27,3,0.1111111111111111,rspec-rails,git://github.com/rspec/rspec-rails.git
47,Rakefile,488,97,0.1987704918032787,rspec-rails,git://github.com/rspec/rspec-rails.git
48,Thorfile,63,26,0.4126984126984127,rspec-rails,git://github.com/rspec/rspec-rails.git
49,Upgrade.markdown,16,10,0.625,rspec-rails,git://github.com/rspec/rspec-rails.git
50,Upgrade.md,8,0,0.0,rspec-rails,git://github.com/rspec/rspec-rails.git
51,VERSION,39,29,0.7435897435897436,rspec-rails,git://github.com/rspec/rspec-rails.git
52,VERSION.yml,8,1,0.125,rspec-rails,git://github.com/rspec/rspec-rails.git
53,appveyor.yml,333,25,0.07507507507507508,rspec-rails,git://github.com/rspec/rspec-rails.git
54,autotest/discover.rb,3,2,0.6666666666666666,rspec-rails,git://github.com/rspec/rspec-rails.git
55,code_of_conduct.md,12,10,0.8333333333333334,rspec-rails,git://github.com/rspec/rspec-rails.git
56,cucumber.yml,2,1,0.5,rspec-rails,git://github.com/rspec/rspec-rails.git
57,example_app_generator/app/views/foo.html,10,8,0.8,rspec-rails,git://github.com/rspec/rspec-rails.git
58,example_app_generator/app/views/some_templates/bar.html,10,7,0.7,rspec-rails,git://github.com/rspec/rspec-rails.git
59,example_app_generator/config/initializers/sqlite3_fix.rb,13,10,0.7692307692307693,rspec-rails,git://github.com/rspec/rspec-rails.git
60,example_app_generator/generate_action_mailer_specs.rb,22,10,0.45454545454545453,rspec-rails,git://github.com/rspec/rspec-rails.git
61,example_app_generator/generate_app.rb,110,36,0.32727272727272727,rspec-rails,git://github.com/rspec/rspec-rails.git
62,example_app_generator/generate_stuff.rb,130,76,0.5846153846153846,rspec-rails,git://github.com/rspec/rspec-rails.git
63,example_app_generator/log/development.log,13,4,0.3076923076923077,rspec-rails,git://github.com/rspec/rspec-rails.git
64,example_app_generator/no_active_record/app/models/in_memory/model.rb,43,38,0.8837209302325582,rspec-rails,git://github.com/rspec/rspec-rails.git
65,example_app_generator/no_active_record/lib/rails/generators/in_memory/model/model_generator.rb,40,20,0.5,rspec-rails,git://github.com/rspec/rspec-rails.git
66,example_app_generator/no_active_record/lib/rails/generators/in_memory/model/templates/model.rb.erb,40,20,0.5,rspec-rails,git://github.com/rspec/rspec-rails.git
67,example_app_generator/no_active_record/spec/verify_no_active_record_spec.rb,40,8,0.2,rspec-rails,git://github.com/rspec/rspec-rails.git
68,example_app_generator/run_specs.rb,50,49,0.98,rspec-rails,git://github.com/rspec/rspec-rails.git
69,example_app_generator/spec/__verify_fixture_load_order_spec.rb,10,2,0.2,rspec-rails,git://github.com/rspec/rspec-rails.git
70,example_app_generator/spec/features/model_mocks_integration_spec.rb,5,3,0.6,rspec-rails,git://github.com/rspec/rspec-rails.git
71,example_app_generator/spec/support/default_preview_path,32,20,0.625,rspec-rails,git://github.com/rspec/rspec-rails.git
72,example_app_generator/spec/verify_active_record_spec.rb,40,36,0.9,rspec-rails,git://github.com/rspec/rspec-rails.git
73,example_app_generator/spec/verify_custom_renderers_spec.rb,10,8,0.8,rspec-rails,git://github.com/rspec/rspec-rails.git
74,example_app_generator/spec/verify_fixture_warning_spec.rb,5,3,0.6,rspec-rails,git://github.com/rspec/rspec-rails.git
75,example_app_generator/spec/verify_mailer_preview_path_spec.rb,17,3,0.17647058823529413,rspec-rails,git://github.com/rspec/rspec-rails.git
76,example_app_generator/travis_retry_bundle_install.sh,56,30,0.5357142857142857,rspec-rails,git://github.com/rspec/rspec-rails.git
77,example_app_template.rb,109,91,0.8348623853211009,rspec-rails,git://github.com/rspec/rspec-rails.git
78,features/.nav,99,79,0.797979797979798,rspec-rails,git://github.com/rspec/rspec-rails.git
79,features/Autotest.md,9,0,0.0,rspec-rails,git://github.com/rspec/rspec-rails.git
80,features/Changelog.md,28,2,0.07142857142857142,rspec-rails,git://github.com/rspec/rspec-rails.git
81,features/Generators.md,27,23,0.8518518518518519,rspec-rails,git://github.com/rspec/rspec-rails.git
82,features/GettingStarted.md,5,4,0.8,rspec-rails,git://github.com/rspec/rspec-rails.git
83,features/README.markdown,9,9,1.0,rspec-rails,git://github.com/rspec/rspec-rails.git
84,features/README.md,26,24,0.9230769230769231,rspec-rails,git://github.com/rspec/rspec-rails.git
85,features/RailsVersions.md,2,1,0.5,rspec-rails,git://github.com/rspec/rspec-rails.git
86,features/Transactions.md,119,49,0.4117647058823529,rspec-rails,git://github.com/rspec/rspec-rails.git
87,features/Upgrade.md,20,12,0.6,rspec-rails,git://github.com/rspec/rspec-rails.git
88,features/backtrace_filtering.feature,10,0,0.0,rspec-rails,git://github.com/rspec/rspec-rails.git
89,features/controller_specs/Cookies.md,9,4,0.4444444444444444,rspec-rails,git://github.com/rspec/rspec-rails.git
90,features/controller_specs/README.md,119,14,0.11764705882352941,rspec-rails,git://github.com/rspec/rspec-rails.git
91,features/controller_specs/anonymous_controller.feature,374,132,0.35294117647058826,rspec-rails,git://github.com/rspec/rspec-rails.git
92,features/controller_specs/bypass_rescue.feature,270,241,0.8925925925925926,rspec-rails,git://github.com/rspec/rspec-rails.git
93,features/controller_specs/controller_spec.feature,332,94,0.28313253012048195,rspec-rails,git://github.com/rspec/rspec-rails.git
94,features/controller_specs/do_not_render_views.feature,13,4,0.3076923076923077,rspec-rails,git://github.com/rspec/rspec-rails.git
95,features/controller_specs/engine_routes.feature,187,11,0.058823529411764705,rspec-rails,git://github.com/rspec/rspec-rails.git
96,features/controller_specs/error_handling.feature,3,3,1.0,rspec-rails,git://github.com/rspec/rspec-rails.git
97,features/controller_specs/isolation_from_views.feature,335,13,0.03880597014925373,rspec-rails,git://github.com/rspec/rspec-rails.git
98,features/controller_specs/readers.feature,20,2,0.1,rspec-rails,git://github.com/rspec/rspec-rails.git
99,features/controller_specs/render_views.feature,356,287,0.8061797752808989,rspec-rails,git://github.com/rspec/rspec-rails.git
100,features/directory_structure.feature,121,67,0.5537190082644629,rspec-rails,git://github.com/rspec/rspec-rails.git
101,features/feature_specs/feature_spec.feature,182,62,0.34065934065934067,rspec-rails,git://github.com/rspec/rspec-rails.git
102,features/file_fixture.feature,12,7,0.5833333333333334,rspec-rails,git://github.com/rspec/rspec-rails.git
103,features/generator_specs/generator_spec.feature,1,1,1.0,rspec-rails,git://github.com/rspec/rspec-rails.git
104,features/generator_specs/generator_specs.feature,4,0,0.0,rspec-rails,git://github.com/rspec/rspec-rails.git
105,features/helper_specs/helper_spec.feature,327,234,0.7155963302752294,rspec-rails,git://github.com/rspec/rspec-rails.git
106,features/job_specs/job_spec.feature,6,5,0.8333333333333334,rspec-rails,git://github.com/rspec/rspec-rails.git
107,features/mailer_specs/README.md,4,3,0.75,rspec-rails,git://github.com/rspec/rspec-rails.git
108,features/mailer_specs/mailer_spec.feature,4,2,0.5,rspec-rails,git://github.com/rspec/rspec-rails.git
109,features/mailer_specs/url_helpers.feature,342,225,0.6578947368421053,rspec-rails,git://github.com/rspec/rspec-rails.git
110,features/matchers/README.md,10,9,0.9,rspec-rails,git://github.com/rspec/rspec-rails.git
111,features/matchers/be_routable_matcher.feature,24,13,0.5416666666666666,rspec-rails,git://github.com/rspec/rspec-rails.git
112,features/matchers/have_been_enqueued_matcher.feature,9,6,0.6666666666666666,rspec-rails,git://github.com/rspec/rspec-rails.git
113,features/matchers/have_enqueued_job_matcher.feature,15,9,0.6,rspec-rails,git://github.com/rspec/rspec-rails.git
114,features/matchers/have_http_status_matcher.feature,150,39,0.26,rspec-rails,git://github.com/rspec/rspec-rails.git
115,features/matchers/new_record_matcher.feature,312,305,0.9775641025641025,rspec-rails,git://github.com/rspec/rspec-rails.git
116,features/matchers/redirect_to_matcher.feature,307,104,0.33876221498371334,rspec-rails,git://github.com/rspec/rspec-rails.git
117,features/matchers/relation_match_array.feature,256,56,0.21875,rspec-rails,git://github.com/rspec/rspec-rails.git
118,features/matchers/render_template_matcher.feature,302,63,0.20860927152317882,rspec-rails,git://github.com/rspec/rspec-rails.git
119,features/mocks/mock_model.feature,156,98,0.6282051282051282,rspec-rails,git://github.com/rspec/rspec-rails.git
120,features/mocks/stub_model.feature,149,113,0.7583892617449665,rspec-rails,git://github.com/rspec/rspec-rails.git
121,features/model_specs/README.md,200,168,0.84,rspec-rails,git://github.com/rspec/rspec-rails.git
122,features/model_specs/errors_on.feature,233,183,0.7854077253218884,rspec-rails,git://github.com/rspec/rspec-rails.git
123,features/model_specs/records.feature,24,5,0.20833333333333334,rspec-rails,git://github.com/rspec/rspec-rails.git
124,features/model_specs/transactional_examples.feature,363,361,0.9944903581267218,rspec-rails,git://github.com/rspec/rspec-rails.git
125,features/model_specs/verified_doubles.feature,3,1,0.3333333333333333,rspec-rails,git://github.com/rspec/rspec-rails.git
126,features/request_specs/request_spec.feature,291,189,0.6494845360824743,rspec-rails,git://github.com/rspec/rspec-rails.git
127,features/routing_specs/README.md,34,20,0.5882352941176471,rspec-rails,git://github.com/rspec/rspec-rails.git
128,features/routing_specs/access_to_named_routes.feature,8,2,0.25,rspec-rails,git://github.com/rspec/rspec-rails.git
129,features/routing_specs/be_routable_matcher.feature,325,181,0.556923076923077,rspec-rails,git://github.com/rspec/rspec-rails.git
130,features/routing_specs/engine_routes.feature,189,117,0.6190476190476191,rspec-rails,git://github.com/rspec/rspec-rails.git
131,features/routing_specs/named_routes.feature,315,147,0.4666666666666667,rspec-rails,git://github.com/rspec/rspec-rails.git
132,features/routing_specs/route_to_matcher.feature,324,84,0.25925925925925924,rspec-rails,git://github.com/rspec/rspec-rails.git
133,features/step_definitions/additional_cli_steps.rb,57,2,0.03508771929824561,rspec-rails,git://github.com/rspec/rspec-rails.git
134,features/step_definitions/model_steps.rb,10,2,0.2,rspec-rails,git://github.com/rspec/rspec-rails.git
135,features/step_definitions/rspec_steps.rb,25,16,0.64,rspec-rails,git://github.com/rspec/rspec-rails.git
136,features/support/capybara.rb,14,12,0.8571428571428571,rspec-rails,git://github.com/rspec/rspec-rails.git
137,features/support/env.rb,195,12,0.06153846153846154,rspec-rails,git://github.com/rspec/rspec-rails.git
138,features/support/rails_versions.rb,48,41,0.8541666666666666,rspec-rails,git://github.com/rspec/rspec-rails.git
139,features/system_specs/system_specs.feature,9,8,0.8888888888888888,rspec-rails,git://github.com/rspec/rspec-rails.git
140,features/upgrade/README.md,10,4,0.4,rspec-rails,git://github.com/rspec/rspec-rails.git
141,features/upgrade/from_1x_to_2x.md,7,1,0.14285714285714285,rspec-rails,git://github.com/rspec/rspec-rails.git
142,features/view_specs/inferred_controller_path.feature,289,119,0.4117647058823529,rspec-rails,git://github.com/rspec/rspec-rails.git
143,features/view_specs/stub_template.feature,302,284,0.9403973509933775,rspec-rails,git://github.com/rspec/rspec-rails.git
144,features/view_specs/view_spec.feature,355,235,0.6619718309859155,rspec-rails,git://github.com/rspec/rspec-rails.git
145,gemfiles/.bundle/config,25,9,0.36,rspec-rails,git://github.com/rspec/rspec-rails.git
146,gemfiles/base.rb,123,17,0.13821138211382114,rspec-rails,git://github.com/rspec/rspec-rails.git
147,gemfiles/rails-3-0-stable,86,63,0.7325581395348837,rspec-rails,git://github.com/rspec/rspec-rails.git
148,gemfiles/rails-3-1-stable,24,13,0.5416666666666666,rspec-rails,git://github.com/rspec/rspec-rails.git
149,gemfiles/rails-3.0.0,86,24,0.27906976744186046,rspec-rails,git://github.com/rspec/rspec-rails.git
150,gemfiles/rails-3.0.1,86,33,0.38372093023255816,rspec-rails,git://github.com/rspec/rspec-rails.git
151,gemfiles/rails-3.0.10,24,12,0.5,rspec-rails,git://github.com/rspec/rspec-rails.git
152,gemfiles/rails-3.0.2,86,34,0.3953488372093023,rspec-rails,git://github.com/rspec/rspec-rails.git
153,gemfiles/rails-3.0.3,86,8,0.09302325581395349,rspec-rails,git://github.com/rspec/rspec-rails.git
154,gemfiles/rails-3.0.4,86,33,0.38372093023255816,rspec-rails,git://github.com/rspec/rspec-rails.git
155,gemfiles/rails-3.0.5,86,33,0.38372093023255816,rspec-rails,git://github.com/rspec/rspec-rails.git
156,gemfiles/rails-3.0.6,71,65,0.9154929577464789,rspec-rails,git://github.com/rspec/rspec-rails.git
157,gemfiles/rails-3.0.7,71,11,0.15492957746478872,rspec-rails,git://github.com/rspec/rspec-rails.git
158,gemfiles/rails-3.0.8,27,16,0.5925925925925926,rspec-rails,git://github.com/rspec/rspec-rails.git
159,gemfiles/rails-3.0.8.rc1,3,0,0.0,rspec-rails,git://github.com/rspec/rspec-rails.git
160,gemfiles/rails-3.0.8.rc2,4,2,0.5,rspec-rails,git://github.com/rspec/rspec-rails.git
161,gemfiles/rails-3.0.8.rc3,6,1,0.16666666666666666,rspec-rails,git://github.com/rspec/rspec-rails.git
162,gemfiles/rails-3.0.9,25,25,1.0,rspec-rails,git://github.com/rspec/rspec-rails.git
163,gemfiles/rails-3.1.0,33,27,0.8181818181818182,rspec-rails,git://github.com/rspec/rspec-rails.git
164,gemfiles/rails-3.1.0.beta1,7,5,0.7142857142857143,rspec-rails,git://github.com/rspec/rspec-rails.git
165,gemfiles/rails-3.1.0.rc1,5,1,0.2,rspec-rails,git://github.com/rspec/rspec-rails.git
166,gemfiles/rails-3.1.1,23,18,0.782608695652174,rspec-rails,git://github.com/rspec/rspec-rails.git
167,gemfiles/rails-master,86,62,0.7209302325581395,rspec-rails,git://github.com/rspec/rspec-rails.git
168,lib/autotest/discover.rb,1,0,0.0,rspec-rails,git://github.com/rspec/rspec-rails.git
169,lib/autotest/rails_rspec2.rb,54,31,0.5740740740740741,rspec-rails,git://github.com/rspec/rspec-rails.git
170,lib/generators/rspec-rails.rb,37,2,0.05405405405405406,rspec-rails,git://github.com/rspec/rspec-rails.git
171,lib/generators/rspec-rails/controller/controller_generator.rb,102,89,0.8725490196078431,rspec-rails,git://github.com/rspec/rspec-rails.git
172,lib/generators/rspec-rails/controller/templates/controller_spec.rb,106,31,0.29245283018867924,rspec-rails,git://github.com/rspec/rspec-rails.git
173,lib/generators/rspec-rails/controller/templates/view_spec.rb,102,62,0.6078431372549019,rspec-rails,git://github.com/rspec/rspec-rails.git
174,lib/generators/rspec-rails/helper/helper_generator.rb,102,49,0.4803921568627451,rspec-rails,git://github.com/rspec/rspec-rails.git
175,lib/generators/rspec-rails/helper/templates/helper_spec.rb,106,59,0.5566037735849056,rspec-rails,git://github.com/rspec/rspec-rails.git
176,lib/generators/rspec-rails/install/install_generator.rb,102,73,0.7156862745098039,rspec-rails,git://github.com/rspec/rspec-rails.git
177,lib/generators/rspec-rails/install/templates/lib/tasks/rspec.rake,102,75,0.7352941176470589,rspec-rails,git://github.com/rspec/rspec-rails.git
178,lib/generators/rspec-rails/install/templates/script/autospec.tt,102,59,0.5784313725490197,rspec-rails,git://github.com/rspec/rspec-rails.git
179,lib/generators/rspec-rails/install/templates/script/spec.tt,106,16,0.1509433962264151,rspec-rails,git://github.com/rspec/rspec-rails.git
180,lib/generators/rspec-rails/install/templates/script/spec_server.tt,102,53,0.5196078431372549,rspec-rails,git://github.com/rspec/rspec-rails.git
181,lib/generators/rspec-rails/install/templates/spec/rcov.opts,102,50,0.49019607843137253,rspec-rails,git://github.com/rspec/rspec-rails.git
182,lib/generators/rspec-rails/install/templates/spec/spec.opts,102,47,0.46078431372549017,rspec-rails,git://github.com/rspec/rspec-rails.git
183,lib/generators/rspec-rails/install/templates/spec/spec_helper.rb,106,24,0.22641509433962265,rspec-rails,git://github.com/rspec/rspec-rails.git
184,lib/generators/rspec-rails/integration/integration_generator.rb,106,79,0.7452830188679245,rspec-rails,git://github.com/rspec/rspec-rails.git
185,lib/generators/rspec-rails/integration/templates/integration_spec.rb,102,100,0.9803921568627451,rspec-rails,git://github.com/rspec/rspec-rails.git
186,lib/generators/rspec-rails/mailer/mailer_generator.rb,102,56,0.5490196078431373,rspec-rails,git://github.com/rspec/rspec-rails.git
187,lib/generators/rspec-rails/mailer/templates/fixture,102,0,0.0,rspec-rails,git://github.com/rspec/rspec-rails.git
188,lib/generators/rspec-rails/mailer/templates/mailer_spec.rb,102,17,0.16666666666666666,rspec-rails,git://github.com/rspec/rspec-rails.git
189,lib/generators/rspec-rails/model/model_generator.rb,102,88,0.8627450980392157,rspec-rails,git://github.com/rspec/rspec-rails.git
190,lib/generators/rspec-rails/model/templates/fixtures.yml,102,42,0.4117647058823529,rspec-rails,git://github.com/rspec/rspec-rails.git
191,lib/generators/rspec-rails/model/templates/model_spec.rb,102,22,0.21568627450980393,rspec-rails,git://github.com/rspec/rspec-rails.git
192,lib/generators/rspec-rails/observer/observer_generator.rb,102,19,0.18627450980392157,rspec-rails,git://github.com/rspec/rspec-rails.git
193,lib/generators/rspec-rails/observer/templates/observer_spec.rb,102,32,0.3137254901960784,rspec-rails,git://github.com/rspec/rspec-rails.git
194,lib/generators/rspec-rails/plugin/plugin_generator.rb,102,8,0.0784313725490196,rspec-rails,git://github.com/rspec/rspec-rails.git
195,lib/generators/rspec-rails/plugin/templates/%file_name%_spec.rb.tt,102,51,0.5,rspec-rails,git://github.com/rspec/rspec-rails.git
196,lib/generators/rspec-rails/plugin/templates/test_helper.rb,102,40,0.39215686274509803,rspec-rails,git://github.com/rspec/rspec-rails.git
197,lib/generators/rspec-rails/scaffold/scaffold_generator.rb,102,46,0.45098039215686275,rspec-rails,git://github.com/rspec/rspec-rails.git
198,lib/generators/rspec-rails/scaffold/templates/controller_spec.rb,102,30,0.29411764705882354,rspec-rails,git://github.com/rspec/rspec-rails.git
199,lib/generators/rspec-rails/scaffold/templates/edit_spec.rb,102,44,0.43137254901960786,rspec-rails,git://github.com/rspec/rspec-rails.git
200,lib/generators/rspec-rails/scaffold/templates/index_spec.rb,102,5,0.049019607843137254,rspec-rails,git://github.com/rspec/rspec-rails.git
201,lib/generators/rspec-rails/scaffold/templates/new_spec.rb,102,61,0.5980392156862745,rspec-rails,git://github.com/rspec/rspec-rails.git
202,lib/generators/rspec-rails/scaffold/templates/routing_spec.rb,102,98,0.9607843137254902,rspec-rails,git://github.com/rspec/rspec-rails.git
203,lib/generators/rspec-rails/scaffold/templates/show_spec.rb,102,36,0.35294117647058826,rspec-rails,git://github.com/rspec/rspec-rails.git
204,lib/generators/rspec.rb,311,6,0.01929260450160772,rspec-rails,git://github.com/rspec/rspec-rails.git
205,lib/generators/rspec/controller/controller_generator.rb,190,139,0.7315789473684211,rspec-rails,git://github.com/rspec/rspec-rails.git
206,lib/generators/rspec/controller/templates/controller_spec.rb,348,239,0.6867816091954023,rspec-rails,git://github.com/rspec/rspec-rails.git
207,lib/generators/rspec/controller/templates/view_spec.rb,329,282,0.8571428571428571,rspec-rails,git://github.com/rspec/rspec-rails.git
208,lib/generators/rspec/feature/feature_generator.rb,82,27,0.32926829268292684,rspec-rails,git://github.com/rspec/rspec-rails.git
209,lib/generators/rspec/feature/templates/feature_singular_spec.rb,6,4,0.6666666666666666,rspec-rails,git://github.com/rspec/rspec-rails.git
210,lib/generators/rspec/feature/templates/feature_spec.rb,223,73,0.3273542600896861,rspec-rails,git://github.com/rspec/rspec-rails.git
211,lib/generators/rspec/generators/generator_generator.rb,2,1,0.5,rspec-rails,git://github.com/rspec/rspec-rails.git
212,lib/generators/rspec/generators/templates/generator_spec.rb,2,2,1.0,rspec-rails,git://github.com/rspec/rspec-rails.git
213,lib/generators/rspec/helper/helper_generator.rb,162,101,0.6234567901234568,rspec-rails,git://github.com/rspec/rspec-rails.git
214,lib/generators/rspec/helper/templates/helper_spec.rb,364,67,0.18406593406593408,rspec-rails,git://github.com/rspec/rspec-rails.git
215,lib/generators/rspec/install/install_generator.rb,374,90,0.24064171122994651,rspec-rails,git://github.com/rspec/rspec-rails.git
216,lib/generators/rspec/install/templates/.rspec,67,55,0.8208955223880597,rspec-rails,git://github.com/rspec/rspec-rails.git
217,lib/generators/rspec/install/templates/autotest/discover.rb,5,5,1.0,rspec-rails,git://github.com/rspec/rspec-rails.git
218,lib/generators/rspec/install/templates/config/initializers/rspec_generator.rb.tt,40,12,0.3,rspec-rails,git://github.com/rspec/rspec-rails.git
219,lib/generators/rspec/install/templates/lib/tasks/rspec.rake,90,13,0.14444444444444443,rspec-rails,git://github.com/rspec/rspec-rails.git
220,lib/generators/rspec/install/templates/script/autospec.tt,69,29,0.42028985507246375,rspec-rails,git://github.com/rspec/rspec-rails.git
221,lib/generators/rspec/install/templates/script/rspec.tt,4,2,0.5,rspec-rails,git://github.com/rspec/rspec-rails.git
222,lib/generators/rspec/install/templates/script/spec.tt,69,51,0.7391304347826086,rspec-rails,git://github.com/rspec/rspec-rails.git
223,lib/generators/rspec/install/templates/script/spec_server.tt,69,25,0.36231884057971014,rspec-rails,git://github.com/rspec/rspec-rails.git
224,lib/generators/rspec/install/templates/spec/rails_helper.rb,160,60,0.375,rspec-rails,git://github.com/rspec/rspec-rails.git
225,lib/generators/rspec/install/templates/spec/rcov.opts,74,1,0.013513513513513514,rspec-rails,git://github.com/rspec/rspec-rails.git
226,lib/generators/rspec/install/templates/spec/spec.opts,74,50,0.6756756756756757,rspec-rails,git://github.com/rspec/rspec-rails.git
227,lib/generators/rspec/install/templates/spec/spec_helper.rb,123,88,0.7154471544715447,rspec-rails,git://github.com/rspec/rspec-rails.git
228,lib/generators/rspec/install/templates/spec/spec_helper.rb.tt,203,194,0.9556650246305419,rspec-rails,git://github.com/rspec/rspec-rails.git
229,lib/generators/rspec/integration/integration_generator.rb,215,161,0.7488372093023256,rspec-rails,git://github.com/rspec/rspec-rails.git
230,lib/generators/rspec/integration/templates/integration_spec.rb,79,70,0.8860759493670886,rspec-rails,git://github.com/rspec/rspec-rails.git
231,lib/generators/rspec/integration/templates/request_spec.rb,311,232,0.7459807073954984,rspec-rails,git://github.com/rspec/rspec-rails.git
232,lib/generators/rspec/job/job_generator.rb,10,8,0.8,rspec-rails,git://github.com/rspec/rspec-rails.git
233,lib/generators/rspec/job/templates/job_spec.rb.erb,68,41,0.6029411764705882,rspec-rails,git://github.com/rspec/rspec-rails.git
234,lib/generators/rspec/mailer/mailer_generator.rb,159,153,0.9622641509433962,rspec-rails,git://github.com/rspec/rspec-rails.git
235,lib/generators/rspec/mailer/templates/fixture,71,20,0.28169014084507044,rspec-rails,git://github.com/rspec/rspec-rails.git
236,lib/generators/rspec/mailer/templates/mailer_spec.rb,360,166,0.46111111111111114,rspec-rails,git://github.com/rspec/rspec-rails.git
237,lib/generators/rspec/mailer/templates/preview.rb,11,1,0.09090909090909091,rspec-rails,git://github.com/rspec/rspec-rails.git
238,lib/generators/rspec/model/model_generator.rb,204,201,0.9852941176470589,rspec-rails,git://github.com/rspec/rspec-rails.git
239,lib/generators/rspec/model/templates/fixtures.yml,68,32,0.47058823529411764,rspec-rails,git://github.com/rspec/rspec-rails.git
240,lib/generators/rspec/model/templates/model_spec.rb,342,329,0.9619883040935673,rspec-rails,git://github.com/rspec/rspec-rails.git
241,lib/generators/rspec/observer/observer_generator.rb,140,109,0.7785714285714286,rspec-rails,git://github.com/rspec/rspec-rails.git
242,lib/generators/rspec/observer/templates/observer_spec.rb,340,25,0.07352941176470588,rspec-rails,git://github.com/rspec/rspec-rails.git
243,lib/generators/rspec/plugin/plugin_generator.rb,68,51,0.75,rspec-rails,git://github.com/rspec/rspec-rails.git
244,lib/generators/rspec/plugin/templates/%file_name%_spec.rb.tt,68,40,0.5882352941176471,rspec-rails,git://github.com/rspec/rspec-rails.git
245,lib/generators/rspec/plugin/templates/test_helper.rb,68,36,0.5294117647058824,rspec-rails,git://github.com/rspec/rspec-rails.git
246,lib/generators/rspec/request/request_generator.rb,21,11,0.5238095238095238,rspec-rails,git://github.com/rspec/rspec-rails.git
247,lib/generators/rspec/scaffold/scaffold_generator.rb,359,128,0.3565459610027855,rspec-rails,git://github.com/rspec/rspec-rails.git
248,lib/generators/rspec/scaffold/templates/api_controller_spec.rb,5,1,0.2,rspec-rails,git://github.com/rspec/rspec-rails.git
249,lib/generators/rspec/scaffold/templates/controller_spec.rb,457,167,0.36542669584245074,rspec-rails,git://github.com/rspec/rspec-rails.git
250,lib/generators/rspec/scaffold/templates/edit_spec.rb,446,190,0.4260089686098655,rspec-rails,git://github.com/rspec/rspec-rails.git
251,lib/generators/rspec/scaffold/templates/index_spec.rb,421,249,0.5914489311163895,rspec-rails,git://github.com/rspec/rspec-rails.git
252,lib/generators/rspec/scaffold/templates/new_spec.rb,448,118,0.26339285714285715,rspec-rails,git://github.com/rspec/rspec-rails.git
253,lib/generators/rspec/scaffold/templates/routing_spec.rb,364,302,0.8296703296703297,rspec-rails,git://github.com/rspec/rspec-rails.git
254,lib/generators/rspec/scaffold/templates/show_spec.rb,431,223,0.5174013921113689,rspec-rails,git://github.com/rspec/rspec-rails.git
255,lib/generators/rspec/system/system_generator.rb,2,1,0.5,rspec-rails,git://github.com/rspec/rspec-rails.git
256,lib/generators/rspec/system/templates/system_spec.rb,2,1,0.5,rspec-rails,git://github.com/rspec/rspec-rails.git
257,lib/generators/rspec/view/templates/view_spec.rb,268,104,0.3880597014925373,rspec-rails,git://github.com/rspec/rspec-rails.git
258,lib/generators/rspec/view/view_generator.rb,76,35,0.4605263157894737,rspec-rails,git://github.com/rspec/rspec-rails.git
259,lib/rspec-rails.rb,188,102,0.5425531914893617,rspec-rails,git://github.com/rspec/rspec-rails.git
260,lib/rspec/rails.rb,445,121,0.27191011235955054,rspec-rails,git://github.com/rspec/rspec-rails.git
261,lib/rspec/rails/active_record.rb,17,4,0.23529411764705882,rspec-rails,git://github.com/rspec/rspec-rails.git
262,lib/rspec/rails/adapters.rb,260,241,0.926923076923077,rspec-rails,git://github.com/rspec/rspec-rails.git
263,lib/rspec/rails/application.rb,32,12,0.375,rspec-rails,git://github.com/rspec/rspec-rails.git
264,lib/rspec/rails/browser_simulators.rb,37,1,0.02702702702702703,rspec-rails,git://github.com/rspec/rspec-rails.git
265,lib/rspec/rails/configuration.rb,316,199,0.629746835443038,rspec-rails,git://github.com/rspec/rspec-rails.git
266,lib/rspec/rails/engine_support.rb,35,21,0.6,rspec-rails,git://github.com/rspec/rspec-rails.git
267,lib/rspec/rails/example.rb,156,46,0.2948717948717949,rspec-rails,git://github.com/rspec/rspec-rails.git
268,lib/rspec/rails/example/controller_example_group.rb,767,575,0.7496740547588006,rspec-rails,git://github.com/rspec/rspec-rails.git
269,lib/rspec/rails/example/feature_example_group.rb,223,139,0.6233183856502242,rspec-rails,git://github.com/rspec/rspec-rails.git
270,lib/rspec/rails/example/fixture_example_group.rb,12,8,0.6666666666666666,rspec-rails,git://github.com/rspec/rspec-rails.git
271,lib/rspec/rails/example/helper_example_group.rb,383,344,0.8981723237597912,rspec-rails,git://github.com/rspec/rspec-rails.git
272,lib/rspec/rails/example/job_example_group.rb,35,2,0.05714285714285714,rspec-rails,git://github.com/rspec/rspec-rails.git
273,lib/rspec/rails/example/mailer_example_group.rb,419,55,0.13126491646778043,rspec-rails,git://github.com/rspec/rspec-rails.git
274,lib/rspec/rails/example/model_example_group.rb,242,56,0.23140495867768596,rspec-rails,git://github.com/rspec/rspec-rails.git
275,lib/rspec/rails/example/rails_example_group.rb,222,15,0.06756756756756757,rspec-rails,git://github.com/rspec/rspec-rails.git
276,lib/rspec/rails/example/request_example_group.rb,563,397,0.7051509769094139,rspec-rails,git://github.com/rspec/rspec-rails.git
277,lib/rspec/rails/example/routing_example_group.rb,424,94,0.22169811320754718,rspec-rails,git://github.com/rspec/rspec-rails.git
278,lib/rspec/rails/example/system_example_group.rb,30,8,0.26666666666666666,rspec-rails,git://github.com/rspec/rspec-rails.git
279,lib/rspec/rails/example/view_example_group.rb,675,563,0.8340740740740741,rspec-rails,git://github.com/rspec/rspec-rails.git
280,lib/rspec/rails/extensions.rb,34,31,0.9117647058823529,rspec-rails,git://github.com/rspec/rspec-rails.git
281,lib/rspec/rails/extensions/active_record/base.rb,116,55,0.47413793103448276,rspec-rails,git://github.com/rspec/rspec-rails.git
282,lib/rspec/rails/extensions/active_record/collection_proxy.rb,6,4,0.6666666666666666,rspec-rails,git://github.com/rspec/rspec-rails.git
283,lib/rspec/rails/extensions/active_record/proxy.rb,66,39,0.5909090909090909,rspec-rails,git://github.com/rspec/rspec-rails.git
284,lib/rspec/rails/feature_check.rb,149,58,0.38926174496644295,rspec-rails,git://github.com/rspec/rspec-rails.git
285,lib/rspec/rails/features_check.rb,38,37,0.9736842105263158,rspec-rails,git://github.com/rspec/rspec-rails.git
286,lib/rspec/rails/file_fixture_support.rb,12,6,0.5,rspec-rails,git://github.com/rspec/rspec-rails.git
287,lib/rspec/rails/fixture_file_upload_support.rb,8,2,0.25,rspec-rails,git://github.com/rspec/rspec-rails.git
288,lib/rspec/rails/fixture_support.rb,264,65,0.24621212121212122,rspec-rails,git://github.com/rspec/rspec-rails.git
289,lib/rspec/rails/infer_type_configuration.rb,45,36,0.8,rspec-rails,git://github.com/rspec/rspec-rails.git
290,lib/rspec/rails/matchers.rb,314,11,0.03503184713375796,rspec-rails,git://github.com/rspec/rspec-rails.git
291,lib/rspec/rails/matchers/active_job.rb,44,6,0.13636363636363635,rspec-rails,git://github.com/rspec/rspec-rails.git
292,lib/rspec/rails/matchers/base_matcher.rb,8,1,0.125,rspec-rails,git://github.com/rspec/rspec-rails.git
293,lib/rspec/rails/matchers/be_a_new.rb,231,188,0.8138528138528138,rspec-rails,git://github.com/rspec/rspec-rails.git
294,lib/rspec/rails/matchers/be_new_record.rb,207,62,0.2995169082125604,rspec-rails,git://github.com/rspec/rspec-rails.git
295,lib/rspec/rails/matchers/be_valid.rb,182,177,0.9725274725274725,rspec-rails,git://github.com/rspec/rspec-rails.git
296,lib/rspec/rails/matchers/controller_spec_matchers.rb,13,4,0.3076923076923077,rspec-rails,git://github.com/rspec/rspec-rails.git
297,lib/rspec/rails/matchers/have_enqueued_mail.rb,1,0,0.0,rspec-rails,git://github.com/rspec/rspec-rails.git
298,lib/rspec/rails/matchers/have_extension.rb,71,10,0.14084507042253522,rspec-rails,git://github.com/rspec/rspec-rails.git
299,lib/rspec/rails/matchers/have_http_status.rb,163,131,0.803680981595092,rspec-rails,git://github.com/rspec/rspec-rails.git
300,lib/rspec/rails/matchers/have_rendered.rb,215,172,0.8,rspec-rails,git://github.com/rspec/rspec-rails.git
301,lib/rspec/rails/matchers/match_unless_raises.rb,18,16,0.8888888888888888,rspec-rails,git://github.com/rspec/rspec-rails.git
302,lib/rspec/rails/matchers/matcher_extensions.rb,20,15,0.75,rspec-rails,git://github.com/rspec/rspec-rails.git
303,lib/rspec/rails/matchers/model_matchers.rb,20,20,1.0,rspec-rails,git://github.com/rspec/rspec-rails.git
304,lib/rspec/rails/matchers/redirect_to.rb,260,103,0.39615384615384613,rspec-rails,git://github.com/rspec/rspec-rails.git
305,lib/rspec/rails/matchers/relation_match_array.rb,27,15,0.5555555555555556,rspec-rails,git://github.com/rspec/rspec-rails.git
306,lib/rspec/rails/matchers/render_template.rb,60,51,0.85,rspec-rails,git://github.com/rspec/rspec-rails.git
307,lib/rspec/rails/matchers/routing_matchers.rb,277,49,0.17689530685920576,rspec-rails,git://github.com/rspec/rspec-rails.git
308,lib/rspec/rails/matchers/routing_spec_matchers.rb,31,22,0.7096774193548387,rspec-rails,git://github.com/rspec/rspec-rails.git
309,lib/rspec/rails/mocks.rb,164,130,0.7926829268292683,rspec-rails,git://github.com/rspec/rspec-rails.git
310,lib/rspec/rails/module_inclusion.rb,31,21,0.6774193548387096,rspec-rails,git://github.com/rspec/rspec-rails.git
311,lib/rspec/rails/monkey.rb,34,32,0.9411764705882353,rspec-rails,git://github.com/rspec/rspec-rails.git
312,lib/rspec/rails/monkey/action_controller/test_case.rb,27,5,0.18518518518518517,rspec-rails,git://github.com/rspec/rspec-rails.git
313,lib/rspec/rails/monkey/action_mailer/test_case.rb,31,4,0.12903225806451613,rspec-rails,git://github.com/rspec/rspec-rails.git
314,lib/rspec/rails/monkey/action_view/test_case.rb,27,14,0.5185185185185185,rspec-rails,git://github.com/rspec/rspec-rails.git
315,lib/rspec/rails/monkey/active_support/notifications/fanout.rb,19,10,0.5263157894736842,rspec-rails,git://github.com/rspec/rspec-rails.git
316,lib/rspec/rails/null_resolver.rb,43,30,0.6976744186046512,rspec-rails,git://github.com/rspec/rspec-rails.git
317,lib/rspec/rails/rails_version.rb,38,24,0.631578947368421,rspec-rails,git://github.com/rspec/rspec-rails.git
318,lib/rspec/rails/response_matchers.rb,48,36,0.75,rspec-rails,git://github.com/rspec/rspec-rails.git
319,lib/rspec/rails/response_matchers/have_http_status.rb,48,25,0.5208333333333334,rspec-rails,git://github.com/rspec/rspec-rails.git
320,lib/rspec/rails/response_matchers/have_rendered.rb,48,21,0.4375,rspec-rails,git://github.com/rspec/rspec-rails.git
321,lib/rspec/rails/response_matchers/redirect_to.rb,48,10,0.20833333333333334,rspec-rails,git://github.com/rspec/rspec-rails.git
322,lib/rspec/rails/response_matchers/routing_matchers.rb,48,26,0.5416666666666666,rspec-rails,git://github.com/rspec/rspec-rails.git
323,lib/rspec/rails/tasks/rspec.rake,56,6,0.10714285714285714,rspec-rails,git://github.com/rspec/rspec-rails.git
324,lib/rspec/rails/transactional_database_support.rb,55,41,0.7454545454545455,rspec-rails,git://github.com/rspec/rspec-rails.git
325,lib/rspec/rails/url_helpers.rb,6,4,0.6666666666666666,rspec-rails,git://github.com/rspec/rspec-rails.git
326,lib/rspec/rails/vendor/capybara.rb,38,20,0.5263157894736842,rspec-rails,git://github.com/rspec/rspec-rails.git
327,lib/rspec/rails/vendor/webrat.rb,16,13,0.8125,rspec-rails,git://github.com/rspec/rspec-rails.git
328,lib/rspec/rails/version.rb,202,110,0.5445544554455446,rspec-rails,git://github.com/rspec/rspec-rails.git
329,lib/rspec/rails/view_assigns.rb,181,21,0.11602209944751381,rspec-rails,git://github.com/rspec/rspec-rails.git
330,lib/rspec/rails/view_path_builder.rb,9,2,0.2222222222222222,rspec-rails,git://github.com/rspec/rspec-rails.git
331,lib/rspec/rails/view_rendering.rb,361,344,0.9529085872576177,rspec-rails,git://github.com/rspec/rspec-rails.git
332,lib/rspec/rails/view_spec_methods.rb,9,3,0.3333333333333333,rspec-rails,git://github.com/rspec/rspec-rails.git
333,lib/rspec/rails/without_filetype_infer.rb,41,14,0.34146341463414637,rspec-rails,git://github.com/rspec/rspec-rails.git
334,maintenance-branch,2,2,1.0,rspec-rails,git://github.com/rspec/rspec-rails.git
335,rspec-rails.gemspec,407,318,0.7813267813267813,rspec-rails,git://github.com/rspec/rspec-rails.git
336,script/after_update_travis_build.sh,38,9,0.23684210526315788,rspec-rails,git://github.com/rspec/rspec-rails.git
337,script/before_update_travis_build.sh,38,26,0.6842105263157895,rspec-rails,git://github.com/rspec/rspec-rails.git
338,script/clone_all_rspec_repos,398,243,0.6105527638190955,rspec-rails,git://github.com/rspec/rspec-rails.git
339,script/custom_build_functions.sh,39,23,0.5897435897435898,rspec-rails,git://github.com/rspec/rspec-rails.git
340,script/downgrade_bundler_on_old_rails,10,5,0.5,rspec-rails,git://github.com/rspec/rspec-rails.git
341,script/download-ruby-debug-19-dependencies,1,1,1.0,rspec-rails,git://github.com/rspec/rspec-rails.git
342,script/functions.sh,402,181,0.4502487562189055,rspec-rails,git://github.com/rspec/rspec-rails.git
343,script/predicate_functions.sh,346,322,0.930635838150289,rspec-rails,git://github.com/rspec/rspec-rails.git
344,script/run_build,499,114,0.22845691382765532,rspec-rails,git://github.com/rspec/rspec-rails.git
345,script/travis_functions.sh,346,58,0.1676300578034682,rspec-rails,git://github.com/rspec/rspec-rails.git
346,script/update_rubygems_and_install_bundler,16,8,0.5,rspec-rails,git://github.com/rspec/rspec-rails.git
347,spec/autotest/rails_rspec2_spec.rb,7,6,0.8571428571428571,rspec-rails,git://github.com/rspec/rspec-rails.git
348,spec/generators/model_generator_spec.rb,29,26,0.896551724137931,rspec-rails,git://github.com/rspec/rspec-rails.git
349,spec/generators/rspec/controller/controller_generator_spec.rb,406,195,0.4802955665024631,rspec-rails,git://github.com/rspec/rspec-rails.git
350,spec/generators/rspec/feature/feature_generator_spec.rb,272,239,0.8786764705882353,rspec-rails,git://github.com/rspec/rspec-rails.git
351,spec/generators/rspec/generators/generator_generator_spec.rb,2,1,0.5,rspec-rails,git://github.com/rspec/rspec-rails.git
352,spec/generators/rspec/helper/helper_generator_spec.rb,398,67,0.16834170854271358,rspec-rails,git://github.com/rspec/rspec-rails.git
353,spec/generators/rspec/install/install_generator_spec.rb,391,21,0.05370843989769821,rspec-rails,git://github.com/rspec/rspec-rails.git
354,spec/generators/rspec/integration/integration_generator_spec.rb,414,28,0.06763285024154589,rspec-rails,git://github.com/rspec/rspec-rails.git
355,spec/generators/rspec/job/job_generator_spec.rb,119,84,0.7058823529411765,rspec-rails,git://github.com/rspec/rspec-rails.git
356,spec/generators/rspec/mailer/mailer_generator_spec.rb,377,180,0.47745358090185674,rspec-rails,git://github.com/rspec/rspec-rails.git
357,spec/generators/rspec/model/model_generator_spec.rb,410,153,0.37317073170731707,rspec-rails,git://github.com/rspec/rspec-rails.git
358,spec/generators/rspec/observer/observer_generator_spec.rb,398,335,0.8417085427135679,rspec-rails,git://github.com/rspec/rspec-rails.git
359,spec/generators/rspec/request/request_generator_spec.rb,21,20,0.9523809523809523,rspec-rails,git://github.com/rspec/rspec-rails.git
360,spec/generators/rspec/scaffold/scaffold_generator_spec.rb,456,274,0.6008771929824561,rspec-rails,git://github.com/rspec/rspec-rails.git
361,spec/generators/rspec/system/system_generator_spec.rb,2,2,1.0,rspec-rails,git://github.com/rspec/rspec-rails.git
362,spec/generators/rspec/view/view_generator_spec.rb,405,119,0.2938271604938272,rspec-rails,git://github.com/rspec/rspec-rails.git
363,spec/lib/rspec/rails/transactional_database_support_spec.rb,6,4,0.6666666666666666,rspec-rails,git://github.com/rspec/rspec-rails.git
364,spec/rspec-rails_spec.rb,2,1,0.5,rspec-rails,git://github.com/rspec/rspec-rails.git
365,spec/rspec/rails/active_model_spec.rb,7,1,0.14285714285714285,rspec-rails,git://github.com/rspec/rspec-rails.git
366,spec/rspec/rails/active_record_spec.rb,13,3,0.23076923076923078,rspec-rails,git://github.com/rspec/rspec-rails.git
367,spec/rspec/rails/assertion_adapter_spec.rb,95,61,0.6421052631578947,rspec-rails,git://github.com/rspec/rspec-rails.git
368,spec/rspec/rails/assertion_delegator_spec.rb,20,12,0.6,rspec-rails,git://github.com/rspec/rspec-rails.git
369,spec/rspec/rails/configuration_spec.rb,187,159,0.8502673796791443,rspec-rails,git://github.com/rspec/rspec-rails.git
370,spec/rspec/rails/deprecations_spec.rb,116,44,0.3793103448275862,rspec-rails,git://github.com/rspec/rspec-rails.git
371,spec/rspec/rails/example/controller_example_group_spec.rb,390,343,0.8794871794871795,rspec-rails,git://github.com/rspec/rspec-rails.git
372,spec/rspec/rails/example/feature_example_group_spec.rb,137,44,0.32116788321167883,rspec-rails,git://github.com/rspec/rspec-rails.git
373,spec/rspec/rails/example/helper_example_group_spec.rb,213,148,0.6948356807511737,rspec-rails,git://github.com/rspec/rspec-rails.git
374,spec/rspec/rails/example/job_example_group_spec.rb,7,2,0.2857142857142857,rspec-rails,git://github.com/rspec/rspec-rails.git
375,spec/rspec/rails/example/mailer_example_group_spec.rb,273,124,0.4542124542124542,rspec-rails,git://github.com/rspec/rspec-rails.git
376,spec/rspec/rails/example/model_example_group_spec.rb,127,70,0.5511811023622047,rspec-rails,git://github.com/rspec/rspec-rails.git
377,spec/rspec/rails/example/request_example_group_spec.rb,255,253,0.9921568627450981,rspec-rails,git://github.com/rspec/rspec-rails.git
378,spec/rspec/rails/example/routing_example_group_spec.rb,216,158,0.7314814814814815,rspec-rails,git://github.com/rspec/rspec-rails.git
379,spec/rspec/rails/example/system_example_group_spec.rb,14,9,0.6428571428571429,rspec-rails,git://github.com/rspec/rspec-rails.git
380,spec/rspec/rails/example/view_example_group_spec.rb,319,158,0.4952978056426332,rspec-rails,git://github.com/rspec/rspec-rails.git
381,spec/rspec/rails/example/view_rendering_spec.rb,52,13,0.25,rspec-rails,git://github.com/rspec/rspec-rails.git
382,spec/rspec/rails/extensions/active_model/errors_on_spec.rb,92,12,0.13043478260869565,rspec-rails,git://github.com/rspec/rspec-rails.git
383,spec/rspec/rails/extensions/active_record/base_spec.rb,26,8,0.3076923076923077,rspec-rails,git://github.com/rspec/rspec-rails.git
384,spec/rspec/rails/extensions/active_record/records_spec.rb,6,2,0.3333333333333333,rspec-rails,git://github.com/rspec/rspec-rails.git
385,spec/rspec/rails/fixture_file_upload_support_spec.rb,8,4,0.5,rspec-rails,git://github.com/rspec/rspec-rails.git
386,spec/rspec/rails/fixture_support_spec.rb,75,54,0.72,rspec-rails,git://github.com/rspec/rspec-rails.git
387,spec/rspec/rails/matchers/active_job_spec.rb,47,30,0.6382978723404256,rspec-rails,git://github.com/rspec/rspec-rails.git
388,spec/rspec/rails/matchers/be_a_new_spec.rb,108,101,0.9351851851851852,rspec-rails,git://github.com/rspec/rspec-rails.git
389,spec/rspec/rails/matchers/be_new_record_spec.rb,95,39,0.4105263157894737,rspec-rails,git://github.com/rspec/rspec-rails.git
390,spec/rspec/rails/matchers/be_routable_spec.rb,126,32,0.25396825396825395,rspec-rails,git://github.com/rspec/rspec-rails.git
391,spec/rspec/rails/matchers/be_valid_spec.rb,95,40,0.42105263157894735,rspec-rails,git://github.com/rspec/rspec-rails.git
392,spec/rspec/rails/matchers/errors_on_spec.rb,23,5,0.21739130434782608,rspec-rails,git://github.com/rspec/rspec-rails.git
393,spec/rspec/rails/matchers/has_spec.rb,80,78,0.975,rspec-rails,git://github.com/rspec/rspec-rails.git
394,spec/rspec/rails/matchers/have_enqueued_mail_spec.rb,3,0,0.0,rspec-rails,git://github.com/rspec/rspec-rails.git
395,spec/rspec/rails/matchers/have_http_status_spec.rb,104,11,0.10576923076923077,rspec-rails,git://github.com/rspec/rspec-rails.git
396,spec/rspec/rails/matchers/have_rendered_spec.rb,140,14,0.1,rspec-rails,git://github.com/rspec/rspec-rails.git
397,spec/rspec/rails/matchers/redirect_to_spec.rb,157,47,0.29936305732484075,rspec-rails,git://github.com/rspec/rspec-rails.git
398,spec/rspec/rails/matchers/relation_match_array_spec.rb,149,122,0.8187919463087249,rspec-rails,git://github.com/rspec/rspec-rails.git
399,spec/rspec/rails/matchers/render_template_spec.rb,38,37,0.9736842105263158,rspec-rails,git://github.com/rspec/rspec-rails.git
400,spec/rspec/rails/matchers/route_to_spec.rb,176,101,0.5738636363636364,rspec-rails,git://github.com/rspec/rspec-rails.git
401,spec/rspec/rails/minitest_lifecycle_adapter_spec.rb,25,17,0.68,rspec-rails,git://github.com/rspec/rspec-rails.git
402,spec/rspec/rails/mocks/ar_classes.rb,59,30,0.5084745762711864,rspec-rails,git://github.com/rspec/rspec-rails.git
403,spec/rspec/rails/mocks/mock_model_spec.rb,181,92,0.5082872928176796,rspec-rails,git://github.com/rspec/rspec-rails.git
404,spec/rspec/rails/mocks/stub_model_spec.rb,164,51,0.31097560975609756,rspec-rails,git://github.com/rspec/rspec-rails.git
405,spec/rspec/rails/rails_version_spec.rb,38,21,0.5526315789473685,rspec-rails,git://github.com/rspec/rspec-rails.git
406,spec/rspec/rails/response_matchers/have_http_status_spec.rb,48,47,0.9791666666666666,rspec-rails,git://github.com/rspec/rspec-rails.git
407,spec/rspec/rails/response_matchers/have_rendered_spec.rb,48,23,0.4791666666666667,rspec-rails,git://github.com/rspec/rspec-rails.git
408,spec/rspec/rails/response_matchers/redirect_to_spec.rb,48,18,0.375,rspec-rails,git://github.com/rspec/rspec-rails.git
409,spec/rspec/rails/setup_and_teardown_adapter_spec.rb,73,13,0.1780821917808219,rspec-rails,git://github.com/rspec/rspec-rails.git
410,spec/rspec/rails/transactional_database_support_spec.rb,38,13,0.34210526315789475,rspec-rails,git://github.com/rspec/rspec-rails.git
411,spec/rspec/rails/view_rendering_spec.rb,129,116,0.8992248062015504,rspec-rails,git://github.com/rspec/rspec-rails.git
412,spec/rspec/rails/view_spec_methods_spec.rb,9,2,0.2222222222222222,rspec-rails,git://github.com/rspec/rspec-rails.git
413,spec/rspec/rails_spec.rb,6,1,0.16666666666666666,rspec-rails,git://github.com/rspec/rspec-rails.git
414,spec/sanity_check_spec.rb,7,2,0.2857142857142857,rspec-rails,git://github.com/rspec/rspec-rails.git
415,spec/spec_helper.rb,220,83,0.37727272727272726,rspec-rails,git://github.com/rspec/rspec-rails.git
416,spec/support/ammeter_shim.rb,4,4,1.0,rspec-rails,git://github.com/rspec/rspec-rails.git
417,spec/support/ar_classes.rb,28,3,0.10714285714285714,rspec-rails,git://github.com/rspec/rspec-rails.git
418,spec/support/engine_example.rb,42,18,0.42857142857142855,rspec-rails,git://github.com/rspec/rspec-rails.git
419,spec/support/generators.rb,25,13,0.52,rspec-rails,git://github.com/rspec/rspec-rails.git
420,spec/support/helpers.rb,226,95,0.42035398230088494,rspec-rails,git://github.com/rspec/rspec-rails.git
421,spec/support/matchers.rb,55,7,0.12727272727272726,rspec-rails,git://github.com/rspec/rspec-rails.git
422,spec/support/null_object.rb,4,0,0.0,rspec-rails,git://github.com/rspec/rspec-rails.git
423,spec/support/shared_examples.rb,63,14,0.2222222222222222,rspec-rails,git://github.com/rspec/rspec-rails.git
424,specs.watchr,1,1,1.0,rspec-rails,git://github.com/rspec/rspec-rails.git
425,templates/Gemfile,51,30,0.5882352941176471,rspec-rails,git://github.com/rspec/rspec-rails.git
426,templates/Gemfile-base,26,21,0.8076923076923077,rspec-rails,git://github.com/rspec/rspec-rails.git
427,templates/generate_app.rb,76,2,0.02631578947368421,rspec-rails,git://github.com/rspec/rspec-rails.git
428,templates/generate_stuff.rb,145,124,0.8551724137931035,rspec-rails,git://github.com/rspec/rspec-rails.git
429,templates/no_active_record/app/models/in_memory/model.rb,26,26,1.0,rspec-rails,git://github.com/rspec/rspec-rails.git
430,templates/no_active_record/lib/rails/generators/in_memory/model/model_generator.rb,26,24,0.9230769230769231,rspec-rails,git://github.com/rspec/rspec-rails.git
431,templates/no_active_record/lib/rails/generators/in_memory/model/templates/model.rb.erb,26,18,0.6923076923076923,rspec-rails,git://github.com/rspec/rspec-rails.git
432,templates/no_active_record/spec/verify_no_active_record_spec.rb,26,19,0.7307692307692307,rspec-rails,git://github.com/rspec/rspec-rails.git
433,templates/run_specs.rb,57,55,0.9649122807017544,rspec-rails,git://github.com/rspec/rspec-rails.git
434,templates/spec/verify_active_record_spec.rb,26,24,0.9230769230769231,rspec-rails,git://github.com/rspec/rspec-rails.git
435,templates/travis_retry_bundle_install.sh,67,18,0.26865671641791045,rspec-rails,git://github.com/rspec/rspec-rails.git
436,yard/template/default/fulldoc/html/css/rspec.css,20,17,0.85,rspec-rails,git://github.com/rspec/rspec-rails.git
437,yard/template/default/layout/html/setup.rb,13,4,0.3076923076923077,rspec-rails,git://github.com/rspec/rspec-rails.git
